text,tone
"We've been thinking about you, we saved a quiet spot for you this month. we saved a quiet spot for you this month. about a workshop this month. Come say hello..",warm
"We wanted to reach out, everything is ready when you are. we saved a quiet spot for you this month. about a fresh batch of news. Come say hello..",warm
"A little note from our corner, we saved a quiet spot for you this month. about loyalty rewards. See you soon, friend..",warm
"We wanted to reach out, we would love to see your face. about loyalty rewards. We will keep the kettle on..",warm
"We've been thinking about you, everything is ready when you are. everything is ready when you are. about a fresh batch of news. We will keep the kettle on..",warm
"Hello from all of us, the team asked me to say hello. we saved a quiet spot for you this month. about the new season menu. We will keep the kettle on..",warm
"We wanted to reach out, the team asked me to say hello. about our monthly offer. See you soon, friend..",warm
"We've been thinking about you, the team asked me to say hello. we would love to see your face. about the new season menu. See you soon, friend..",warm
"We wanted to reach out, everything is ready when you are. about the new season menu. Come say hello..",warm
"Hello from all of us, we saved a quiet spot for you this month. about loyalty rewards. Come say hello..",warm
"Just a warm hello, the team asked me to say hello. about a community meetup. We will keep the kettle on..",warm
"Hello from all of us, we saved a quiet spot for you this month. about a community meetup. See you soon, friend..",warm
"A little note from our corner, we would love to see your face. about a fresh batch of news. We will keep the kettle on..",warm
"We wanted to reach out, we saved a quiet spot for you this month. everything is ready when you are. about weekend openings. Come say hello..",warm
"Hello from all of us, the team asked me to say hello. we would love to see your face. about a workshop this month. Come say hello..",warm
"A little note from our corner, we would love to see your face. about a fresh batch of news. See you soon, friend..",warm
"Hello from all of us, everything is ready when you are. about loyalty rewards. See you soon, friend..",warm
"Hello from all of us, everything is ready when you are. we would love to see your face. about a fresh batch of news. We will keep the kettle on..",warm
"We wanted to reach out, we would love to see your face. about the new season menu. Come say hello..",warm
"A little note from our corner, we would love to see your face. everything is ready when you are. about a fresh batch of news. See you soon, friend..",warm
"We wanted to reach out, we would love to see your face. about a workshop this month. See you soon, friend..",warm
"We've been thinking about you, the team asked me to say hello. we saved a quiet spot for you this month. about a workshop this month. See you soon, friend..",warm
"Just a warm hello, everything is ready when you are. about member perks. Come say hello..",warm
"Hello from all of us, everything is ready when you are. everything is ready when you are. about the new season menu. See you soon, friend..",warm
"A little note from our corner, the team asked me to say hello. about a community meetup. See you soon, friend..",warm
"We wanted to reach out, the team asked me to say hello. we saved a quiet spot for you this month. about weekend openings. We will keep the kettle on..",warm
"Hello from all of us, everything is ready when you are. about our monthly offer. Come say hello..",warm
"We've been thinking about you, we saved a quiet spot for you this month. about member perks. Come say hello..",warm
"We wanted to reach out, everything is ready when you are. about a community meetup. See you soon, friend..",warm
"We wanted to reach out, everything is ready when you are. about a workshop this month. See you soon, friend..",warm
"Just a warm hello, the team asked me to say hello. everything is ready when you are. about loyalty rewards. See you soon, friend..",warm
"Just a warm hello, the team asked me to say hello. we would love to see your face. about the new season menu. Come say hello..",warm
"We've been thinking about you, we saved a quiet spot for you this month. everything is ready when you are. about loyalty rewards. Come say hello..",warm
"A little note from our corner, everything is ready when you are. we saved a quiet spot for you this month. about our monthly offer. We will keep the kettle on..",warm
"Hello from all of us, we would love to see your face. we would love to see your face. about loyalty rewards. See you soon, friend..",warm
"A little note from our corner, we would love to see your face. we would love to see your face. about a fresh batch of news. Come say hello..",warm
"Hello from all of us, we would love to see your face. about a fresh batch of news. We will keep the kettle on..",warm
"We've been thinking about you, we saved a quiet spot for you this month. about our monthly offer. We will keep the kettle on..",warm
"We've been thinking about you, everything is ready when you are. about loyalty rewards. Come say hello..",warm
"A little note from our corner, we would love to see your face. about a community meetup. We will keep the kettle on..",warm
"We've been thinking about you, we would love to see your face. about the new season menu. Come say hello..",warm
"We wanted to reach out, we would love to see your face. we saved a quiet spot for you this month. about the new season menu. Come say hello..",warm
"Just a warm hello, we saved a quiet spot for you this month. everything is ready when you are. about a fresh batch of news. Come say hello..",warm
"Just a warm hello, the team asked me to say hello. about member perks. We will keep the kettle on..",warm
"We wanted to reach out, we saved a quiet spot for you this month. we would love to see your face. about a community meetup. Come say hello..",warm
"We wanted to reach out, we would love to see your face. we saved a quiet spot for you this month. about weekend openings. Come say hello..",warm
"We wanted to reach out, everything is ready when you are. everything is ready when you are. about our monthly offer. See you soon, friend..",warm
"We've been thinking about you, everything is ready when you are. we saved a quiet spot for you this month. about loyalty rewards. We will keep the kettle on..",warm
"We wanted to reach out, we saved a quiet spot for you this month. about the new season menu. We will keep the kettle on..",warm
"We wanted to reach out, the team asked me to say hello. about a workshop this month. Come say hello..",warm
"Hello from all of us, the team asked me to say hello. everything is ready when you are. about a workshop this month. We will keep the kettle on..",warm
"Just a warm hello, the team asked me to say hello. about the new season menu. Come say hello..",warm
"We wanted to reach out, the team asked me to say hello. we saved a quiet spot for you this month. about the new season menu. See you soon, friend..",warm
"A little note from our corner, the team asked me to say hello. about the new season menu. Come say hello..",warm
"A little note from our corner, we would love to see your face. about a workshop this month. See you soon, friend..",warm
"We wanted to reach out, everything is ready when you are. we saved a quiet spot for you this month. about a workshop this month. See you soon, friend..",warm
"Hello from all of us, we saved a quiet spot for you this month. about the new season menu. See you soon, friend..",warm
"Hello from all of us, the team asked me to say hello. the team asked me to say hello. about loyalty rewards. See you soon, friend..",warm
"We wanted to reach out, we would love to see your face. we would love to see your face. about a workshop this month. Come say hello..",warm
"Hello from all of us, we saved a quiet spot for you this month. about our monthly offer. We will keep the kettle on..",warm
"Hello from all of us, everything is ready when you are. about member perks. See you soon, friend..",warm
"We wanted to reach out, we saved a quiet spot for you this month. about the new season menu. Come say hello..",warm
"A little note from our corner, we saved a quiet spot for you this month. about weekend openings. See you soon, friend..",warm
"Just a warm hello, everything is ready when you are. about our monthly offer. We will keep the kettle on..",warm
"We've been thinking about you, we saved a quiet spot for you this month. the team asked me to say hello. about loyalty rewards. See you soon, friend..",warm
"Hello from all of us, we would love to see your face. about a community meetup. Come say hello..",warm
"A little note from our corner, we would love to see your face. about our monthly offer. Come say hello..",warm
"Hello from all of us, we saved a quiet spot for you this month. we would love to see your face. about loyalty rewards. We will keep the kettle on..",warm
"Just a warm hello, we would love to see your face. we saved a quiet spot for you this month. about member perks. Come say hello..",warm
"Hello from all of us, everything is ready when you are. the team asked me to say hello. about loyalty rewards. Come say hello..",warm
"Just a warm hello, the team asked me to say hello. about a workshop this month. Come say hello..",warm
"Hello from all of us, the team asked me to say hello. about a fresh batch of news. See you soon, friend..",warm
"We wanted to reach out, the team asked me to say hello. about our monthly offer. Come say hello..",warm
"Hello from all of us, we would love to see your face. everything is ready when you are. about a workshop this month. Come say hello..",warm
"Hello from all of us, the team asked me to say hello. about a fresh batch of news. See you soon, friend..",warm
"We've been thinking about you, we would love to see your face. we would love to see your face. about loyalty rewards. We will keep the kettle on..",warm
"We've been thinking about you, the team asked me to say hello. everything is ready when you are. about weekend openings. We will keep the kettle on..",warm
"We wanted to reach out, the team asked me to say hello. about the new season menu. See you soon, friend..",warm
"We wanted to reach out, the team asked me to say hello. about a fresh batch of news. We will keep the kettle on..",warm
"Hello from all of us, everything is ready when you are. about loyalty rewards. We will keep the kettle on..",warm
"Just a warm hello, everything is ready when you are. about a workshop this month. We will keep the kettle on..",warm
"We've been thinking about you, the team asked me to say hello. about a workshop this month. Come say hello..",warm
"We wanted to reach out, the team asked me to say hello. about member perks. We will keep the kettle on..",warm
"A little note from our corner, the team asked me to say hello. we would love to see your face. about a community meetup. See you soon, friend..",warm
"We've been thinking about you, everything is ready when you are. about a workshop this month. Come say hello..",warm
"A little note from our corner, we saved a quiet spot for you this month. about our monthly offer. Come say hello..",warm
"We wanted to reach out, we saved a quiet spot for you this month. about member perks. We will keep the kettle on..",warm
"We wanted to reach out, everything is ready when you are. about a fresh batch of news. We will keep the kettle on..",warm
"A little note from our corner, we would love to see your face. we saved a quiet spot for you this month. about the new season menu. We will keep the kettle on..",warm
"We've been thinking about you, we would love to see your face. everything is ready when you are. about the new season menu. We will keep the kettle on..",warm
"We wanted to reach out, the team asked me to say hello. about member perks. See you soon, friend..",warm
"We wanted to reach out, we would love to see your face. about member perks. Come say hello..",warm
"Just a warm hello, we would love to see your face. about a workshop this month. Come say hello..",warm
"Hello from all of us, we would love to see your face. about loyalty rewards. We will keep the kettle on..",warm
"Hello from all of us, we saved a quiet spot for you this month. everything is ready when you are. about a workshop this month. We will keep the kettle on..",warm
"A little note from our corner, everything is ready when you are. about loyalty rewards. We will keep the kettle on..",warm
"A little note from our corner, we would love to see your face. we saved a quiet spot for you this month. about a fresh batch of news. We will keep the kettle on..",warm
"Just a warm hello, we saved a quiet spot for you this month. about loyalty rewards. We will keep the kettle on..",warm
"We wanted to reach out, the team asked me to say hello. we saved a quiet spot for you this month. about a fresh batch of news. We will keep the kettle on..",warm
"Hello from all of us, we would love to see your face. about a fresh batch of news. See you soon, friend..",warm
"Okay, hear us out, the cat approved, so it is official. the countdown has started and the snacks are ready. about member perks. High five if you read this far..",playful
"Plot twist, the cat approved, so it is official. about weekend openings. Snacks await..",playful
"Guess what, the countdown has started and the snacks are ready. about member perks. High five if you read this far..",playful
"Okay, hear us out, our calendar did a happy dance. about a fresh batch of news. Snacks await..",playful
"Plot twist, our calendar did a happy dance. about a fresh batch of news. High five if you read this far..",playful
"Well, this is fun, the cat approved, so it is official. our calendar did a happy dance. about a workshop this month. Tag a friend who needs this..",playful
"Tiny announcement, big energy, we practised this announcement in the mirror. about a fresh batch of news. Tag a friend who needs this..",playful
"Guess what, our calendar did a happy dance. we practised this announcement in the mirror. about the new season menu. Tag a friend who needs this..",playful
"Tiny announcement, big energy, our calendar did a happy dance. the countdown has started and the snacks are ready. about the new season menu. Snacks await..",playful
"Well, this is fun, the countdown has started and the snacks are ready. the countdown has started and the snacks are ready. about our monthly offer. Snacks await..",playful
"Guess what, our calendar did a happy dance. about loyalty rewards. Tag a friend who needs this..",playful
"Tiny announcement, big energy, the countdown has started and the snacks are ready. about the new season menu. High five if you read this far..",playful
"Plot twist, our calendar did a happy dance. about a workshop this month. Snacks await..",playful
"Guess what, the cat approved, so it is official. about loyalty rewards. High five if you read this far..",playful
"Well, this is fun, our calendar did a happy dance. about a workshop this month. Snacks await..",playful
"Plot twist, our calendar did a happy dance. about weekend openings. Snacks await..",playful
"Tiny announcement, big energy, our calendar did a happy dance. about weekend openings. High five if you read this far..",playful
"Guess what, our calendar did a happy dance. about a fresh batch of news. Tag a friend who needs this..",playful
"Guess what, the countdown has started and the snacks are ready. about a fresh batch of news. High five if you read this far..",playful
"Tiny announcement, big energy, the cat approved, so it is official. about member perks. Tag a friend who needs this..",playful
"Okay, hear us out, we practised this announcement in the mirror. about weekend openings. High five if you read this far..",playful
"Plot twist, we practised this announcement in the mirror. about member perks. High five if you read this far..",playful
"Okay, hear us out, the cat approved, so it is official. about weekend openings. High five if you read this far..",playful
"Tiny announcement, big energy, the countdown has started and the snacks are ready. about member perks. High five if you read this far..",playful
"Tiny announcement, big energy, we practised this announcement in the mirror. about a workshop this month. Snacks await..",playful
"Tiny announcement, big energy, the cat approved, so it is official. our calendar did a happy dance. about loyalty rewards. High five if you read this far..",playful
"Guess what, the countdown has started and the snacks are ready. about member perks. Snacks await..",playful
"Guess what, the countdown has started and the snacks are ready. our calendar did a happy dance. about the new season menu. Tag a friend who needs this..",playful
"Tiny announcement, big energy, we practised this announcement in the mirror. about member perks. Snacks await..",playful
"Guess what, we practised this announcement in the mirror. about weekend openings. Snacks await..",playful
"Tiny announcement, big energy, we practised this announcement in the mirror. about loyalty rewards. High five if you read this far..",playful
"Tiny announcement, big energy, the cat approved, so it is official. our calendar did a happy dance. about a community meetup. High five if you read this far..",playful
"Tiny announcement, big energy, we practised this announcement in the mirror. we practised this announcement in the mirror. about the new season menu. High five if you read this far..",playful
"Well, this is fun, we practised this announcement in the mirror. about our monthly offer. Snacks await..",playful
"Tiny announcement, big energy, the countdown has started and the snacks are ready. our calendar did a happy dance. about our monthly offer. Snacks await..",playful
"Guess what, the cat approved, so it is official. our calendar did a happy dance. about our monthly offer. Snacks await..",playful
"Guess what, the cat approved, so it is official. we practised this announcement in the mirror. about a community meetup. High five if you read this far..",playful
"Plot twist, our calendar did a happy dance. our calendar did a happy dance. about a fresh batch of news. Tag a friend who needs this..",playful
"Well, this is fun, the countdown has started and the snacks are ready. about a workshop this month. High five if you read this far..",playful
"Plot twist, the cat approved, so it is official. about loyalty rewards. Snacks await..",playful
"Guess what, we practised this announcement in the mirror. about a fresh batch of news. Tag a friend who needs this..",playful
"Plot twist, our calendar did a happy dance. our calendar did a happy dance. about loyalty rewards. Snacks await..",playful
"Well, this is fun, our calendar did a happy dance. the countdown has started and the snacks are ready. about a community meetup. Snacks await..",playful
"Guess what, we practised this announcement in the mirror. the cat approved, so it is official. about member perks. Tag a friend who needs this..",playful
"Tiny announcement, big energy, we practised this announcement in the mirror. the cat approved, so it is official. about the new season menu. Snacks await..",playful
"Okay, hear us out, the countdown has started and the snacks are ready. about a fresh batch of news. High five if you read this far..",playful
"Well, this is fun, we practised this announcement in the mirror. we practised this announcement in the mirror. about a community meetup. High five if you read this far..",playful
"Okay, hear us out, we practised this announcement in the mirror. about member perks. High five if you read this far..",playful
"Tiny announcement, big energy, the cat approved, so it is official. about a workshop this month. Snacks await..",playful
"Guess what, our calendar did a happy dance. about our monthly offer. Tag a friend who needs this..",playful
"Okay, hear us out, our calendar did a happy dance. we practised this announcement in the mirror. about our monthly offer. High five if you read this far..",playful
"Tiny announcement, big energy, our calendar did a happy dance. about a community meetup. Tag a friend who needs this..",playful
"Guess what, we practised this announcement in the mirror. about a community meetup. Snacks await..",playful
"Guess what, our calendar did a happy dance. about member perks. Tag a friend who needs this..",playful
"Tiny announcement, big energy, our calendar did a happy dance. about a community meetup. Tag a friend who needs this..",playful
"Guess what, our calendar did a happy dance. we practised this announcement in the mirror. about a fresh batch of news. Snacks await..",playful
"Tiny announcement, big energy, we practised this announcement in the mirror. about weekend openings. High five if you read this far..",playful
"Guess what, we practised this announcement in the mirror. our calendar did a happy dance. about member perks. Tag a friend who needs this..",playful
"Okay, hear us out, the countdown has started and the snacks are ready. the cat approved, so it is official. about member perks. High five if you read this far..",playful
"Tiny announcement, big energy, the countdown has started and the snacks are ready. the cat approved, so it is official. about member perks. High five if you read this far..",playful
"Well, this is fun, we practised this announcement in the mirror. about our monthly offer. Snacks await..",playful
"Well, this is fun, our calendar did a happy dance. about member perks. High five if you read this far..",playful
"Well, this is fun, the cat approved, so it is official. about a workshop this month. Snacks await..",playful
"Guess what, the cat approved, so it is official. about member perks. High five if you read this far..",playful
"Well, this is fun, the cat approved, so it is official. about loyalty rewards. Snacks await..",playful
"Well, this is fun, we practised this announcement in the mirror. our calendar did a happy dance. about a workshop this month. Tag a friend who needs this..",playful
"Plot twist, we practised this announcement in the mirror. about a workshop this month. Snacks await..",playful
"Guess what, the countdown has started and the snacks are ready. about member perks. Snacks await..",playful
"Tiny announcement, big energy, the cat approved, so it is official. about member perks. Tag a friend who needs this..",playful
"Well, this is fun, the cat approved, so it is official. the cat approved, so it is official. about loyalty rewards. Tag a friend who needs this..",playful
"Guess what, the cat approved, so it is official. about a community meetup. Tag a friend who needs this..",playful
"Well, this is fun, the cat approved, so it is official. we practised this announcement in the mirror. about the new season menu. Tag a friend who needs this..",playful
"Plot twist, the countdown has started and the snacks are ready. about a fresh batch of news. Snacks await..",playful
"Plot twist, the cat approved, so it is official. about a workshop this month. Tag a friend who needs this..",playful
"Guess what, our calendar did a happy dance. about weekend openings. Snacks await..",playful
"Guess what, our calendar did a happy dance. we practised this announcement in the mirror. about member perks. Snacks await..",playful
"Well, this is fun, our calendar did a happy dance. we practised this announcement in the mirror. about loyalty rewards. Snacks await..",playful
"Plot twist, our calendar did a happy dance. the cat approved, so it is official. about a community meetup. Snacks await..",playful
"Plot twist, we practised this announcement in the mirror. about our monthly offer. Tag a friend who needs this..",playful
"Guess what, the countdown has started and the snacks are ready. about loyalty rewards. Snacks await..",playful
"Well, this is fun, the countdown has started and the snacks are ready. about a community meetup. High five if you read this far..",playful
"Guess what, the cat approved, so it is official. the countdown has started and the snacks are ready. about member perks. Snacks await..",playful
"Tiny announcement, big energy, the cat approved, so it is official. the cat approved, so it is official. about a workshop this month. Snacks await..",playful
"Tiny announcement, big energy, the countdown has started and the snacks are ready. about the new season menu. Tag a friend who needs this..",playful
"Okay, hear us out, we practised this announcement in the mirror. we practised this announcement in the mirror. about a fresh batch of news. Snacks await..",playful
"Well, this is fun, we practised this announcement in the mirror. the cat approved, so it is official. about member perks. High five if you read this far..",playful
"Okay, hear us out, we practised this announcement in the mirror. about a workshop this month. High five if you read this far..",playful
"Guess what, we practised this announcement in the mirror. about our monthly offer. Snacks await..",playful
"Plot twist, the cat approved, so it is official. about a workshop this month. High five if you read this far..",playful
"Tiny announcement, big energy, the countdown has started and the snacks are ready. the countdown has started and the snacks are ready. about loyalty rewards. Snacks await..",playful
"Plot twist, we practised this announcement in the mirror. our calendar did a happy dance. about a workshop this month. Tag a friend who needs this..",playful
"Well, this is fun, our calendar did a happy dance. about a workshop this month. Tag a friend who needs this..",playful
"Well, this is fun, the countdown has started and the snacks are ready. about a community meetup. Snacks await..",playful
"Tiny announcement, big energy, we practised this announcement in the mirror. about a community meetup. Tag a friend who needs this..",playful
"Guess what, we practised this announcement in the mirror. about weekend openings. High five if you read this far..",playful
"Plot twist, the countdown has started and the snacks are ready. about loyalty rewards. Snacks await..",playful
"Guess what, our calendar did a happy dance. we practised this announcement in the mirror. about the new season menu. Tag a friend who needs this..",playful
"Guess what, we practised this announcement in the mirror. about a workshop this month. Snacks await..",playful
"Tiny announcement, big energy, we practised this announcement in the mirror. our calendar did a happy dance. about loyalty rewards. Tag a friend who needs this..",playful
"Okay, hear us out, the countdown has started and the snacks are ready. about the new season menu. Snacks await..",playful
"Please note the following update, the updated schedule is now available. further details are attached below. about the new season menu. Please do not hesitate to contact us..",professional
"Please note the following update, the initiative will begin at the start of the month. further details are attached below. about the new season menu. Please do not hesitate to contact us..",professional
"We would like to inform you, further details are attached below. about weekend openings. Further information is available on request..",professional
"As part of our ongoing commitment, further details are attached below. about a community meetup. We look forward to your response..",professional
"We would like to inform you, further details are attached below. about a workshop this month. Please do not hesitate to contact us..",professional
"This month we are introducing, further details are attached below. about member perks. Please do not hesitate to contact us..",professional
"We are writing to share, participation is open to all registered members. about weekend openings. Please do not hesitate to contact us..",professional
"This month we are introducing, the updated schedule is now available. about member perks. Please do not hesitate to contact us..",professional
"As part of our ongoing commitment, the initiative will begin at the start of the month. the updated schedule is now available. about our monthly offer. We look forward to your response..",professional
"As part of our ongoing commitment, the initiative will begin at the start of the month. the initiative will begin at the start of the month. about the new season menu. Further information is available on request..",professional
"This month we are introducing, the initiative will begin at the start of the month. participation is open to all registered members. about a community meetup. Further information is available on request..",professional
"This month we are introducing, participation is open to all registered members. about a community meetup. Please do not hesitate to contact us..",professional
"We are writing to share, the initiative will begin at the start of the month. about our monthly offer. We look forward to your response..",professional
"This month we are introducing, the initiative will begin at the start of the month. participation is open to all registered members. about our monthly offer. Please do not hesitate to contact us..",professional
"We would like to inform you, the updated schedule is now available. about the new season menu. We look forward to your response..",professional
"Please note the following update, the updated schedule is now available. the updated schedule is now available. about member perks. Further information is available on request..",professional
"As part of our ongoing commitment, participation is open to all registered members. about member perks. Further information is available on request..",professional
"We are writing to share, further details are attached below. about a fresh batch of news. We look forward to your response..",professional
"We would like to inform you, the initiative will begin at the start of the month. further details are attached below. about the new season menu. Please do not hesitate to contact us..",professional
"We are writing to share, the initiative will begin at the start of the month. about a workshop this month. Further information is available on request..",professional
"As part of our ongoing commitment, participation is open to all registered members. about a fresh batch of news. Further information is available on request..",professional
"We would like to inform you, the initiative will begin at the start of the month. further details are attached below. about the new season menu. Further information is available on request..",professional
"We would like to inform you, further details are attached below. further details are attached below. about loyalty rewards. We look forward to your response..",professional
"We would like to inform you, further details are attached below. about the new season menu. We look forward to your response..",professional
"Please note the following update, participation is open to all registered members. about a community meetup. Further information is available on request..",professional
"We are writing to share, the updated schedule is now available. about the new season menu. Please do not hesitate to contact us..",professional
"Please note the following update, the initiative will begin at the start of the month. about our monthly offer. Further information is available on request..",professional
"As part of our ongoing commitment, participation is open to all registered members. about the new season menu. We look forward to your response..",professional
"We would like to inform you, the updated schedule is now available. the updated schedule is now available. about a workshop this month. Further information is available on request..",professional
"As part of our ongoing commitment, the initiative will begin at the start of the month. about a community meetup. Further information is available on request..",professional
"We are writing to share, participation is open to all registered members. about weekend openings. Please do not hesitate to contact us..",professional
"As part of our ongoing commitment, the initiative will begin at the start of the month. about a fresh batch of news. Further information is available on request..",professional
"As part of our ongoing commitment, participation is open to all registered members. the updated schedule is now available. about a workshop this month. Please do not hesitate to contact us..",professional
"Please note the following update, participation is open to all registered members. about our monthly offer. Please do not hesitate to contact us..",professional
"As part of our ongoing commitment, further details are attached below. about the new season menu. Please do not hesitate to contact us..",professional
"We are writing to share, the updated schedule is now available. about loyalty rewards. We look forward to your response..",professional
"Please note the following update, the initiative will begin at the start of the month. about weekend openings. We look forward to your response..",professional
"As part of our ongoing commitment, the updated schedule is now available. the updated schedule is now available. about our monthly offer. Please do not hesitate to contact us..",professional
"We are writing to share, participation is open to all registered members. about member perks. Further information is available on request..",professional
"As part of our ongoing commitment, the updated schedule is now available. further details are attached below. about a fresh batch of news. We look forward to your response..",professional
"Please note the following update, further details are attached below. about the new season menu. We look forward to your response..",professional
"As part of our ongoing commitment, the updated schedule is now available. further details are attached below. about a workshop this month. Please do not hesitate to contact us..",professional
"We are writing to share, the initiative will begin at the start of the month. about a workshop this month. Please do not hesitate to contact us..",professional
"Please note the following update, further details are attached below. participation is open to all registered members. about weekend openings. Please do not hesitate to contact us..",professional
"This month we are introducing, the initiative will begin at the start of the month. about a fresh batch of news. Further information is available on request..",professional
"As part of our ongoing commitment, participation is open to all registered members. about the new season menu. We look forward to your response..",professional
"We are writing to share, further details are attached below. about our monthly offer. We look forward to your response..",professional
"Please note the following update, further details are attached below. about a fresh batch of news. Further information is available on request..",professional
"Please note the following update, the updated schedule is now available. about a fresh batch of news. Please do not hesitate to contact us..",professional
"This month we are introducing, further details are attached below. about weekend openings. Please do not hesitate to contact us..",professional
"We are writing to share, the initiative will begin at the start of the month. about a fresh batch of news. Further information is available on request..",professional
"We are writing to share, participation is open to all registered members. further details are attached below. about a workshop this month. Further information is available on request..",professional
"This month we are introducing, the updated schedule is now available. about the new season menu. Further information is available on request..",professional
"Please note the following update, participation is open to all registered members. participation is open to all registered members. about a community meetup. Please do not hesitate to contact us..",professional
"This month we are introducing, further details are attached below. the initiative will begin at the start of the month. about a community meetup. Further information is available on request..",professional
"We would like to inform you, further details are attached below. further details are attached below. about weekend openings. Further information is available on request..",professional
"We are writing to share, participation is open to all registered members. further details are attached below. about member perks. Further information is available on request..",professional
"As part of our ongoing commitment, further details are attached below. the updated schedule is now available. about weekend openings. Further information is available on request..",professional
"We would like to inform you, the updated schedule is now available. about our monthly offer. We look forward to your response..",professional
"We are writing to share, the updated schedule is now available. about a fresh batch of news. We look forward to your response..",professional
"We are writing to share, further details are attached below. about loyalty rewards. We look forward to your response..",professional
"As part of our ongoing commitment, participation is open to all registered members. the initiative will begin at the start of the month. about our monthly offer. We look forward to your response..",professional
"We are writing to share, the initiative will begin at the start of the month. about our monthly offer. Please do not hesitate to contact us..",professional
"We would like to inform you, the initiative will begin at the start of the month. about weekend openings. We look forward to your response..",professional
"We would like to inform you, further details are attached below. about weekend openings. Further information is available on request..",professional
"Please note the following update, the updated schedule is now available. about weekend openings. Please do not hesitate to contact us..",professional
"We would like to inform you, participation is open to all registered members. about a workshop this month. Further information is available on request..",professional
"As part of our ongoing commitment, the initiative will begin at the start of the month. about weekend openings. Please do not hesitate to contact us..",professional
"This month we are introducing, participation is open to all registered members. about a workshop this month. Further information is available on request..",professional
"We would like to inform you, the initiative will begin at the start of the month. about the new season menu. We look forward to your response..",professional
"Please note the following update, the initiative will begin at the start of the month. about the new season menu. Further information is available on request..",professional
"As part of our ongoing commitment, the initiative will begin at the start of the month. participation is open to all registered members. about our monthly offer. We look forward to your response..",professional
"Please note the following update, further details are attached below. about loyalty rewards. Please do not hesitate to contact us..",professional
"This month we are introducing, the updated schedule is now available. about a workshop this month. Please do not hesitate to contact us..",professional
"As part of our ongoing commitment, further details are attached below. the updated schedule is now available. about weekend openings. Further information is available on request..",professional
"This month we are introducing, the initiative will begin at the start of the month. about a community meetup. Further information is available on request..",professional
"This month we are introducing, further details are attached below. about our monthly offer. We look forward to your response..",professional
"This month we are introducing, further details are attached below. about a workshop this month. Further information is available on request..",professional
"This month we are introducing, the initiative will begin at the start of the month. about a workshop this month. We look forward to your response..",professional
"This month we are introducing, participation is open to all registered members. about member perks. We look forward to your response..",professional
"We would like to inform you, further details are attached below. about a community meetup. Please do not hesitate to contact us..",professional
"This month we are introducing, participation is open to all registered members. about our monthly offer. Further information is available on request..",professional
"Please note the following update, the initiative will begin at the start of the month. the updated schedule is now available. about the new season menu. We look forward to your response..",professional
"Please note the following update, the initiative will begin at the start of the month. further details are attached below. about a community meetup. We look forward to your response..",professional
"We would like to inform you, participation is open to all registered members. participation is open to all registered members. about our monthly offer. We look forward to your response..",professional
"This month we are introducing, participation is open to all registered members. further details are attached below. about the new season menu. We look forward to your response..",professional
"We are writing to share, further details are attached below. participation is open to all registered members. about a community meetup. Please do not hesitate to contact us..",professional
"This month we are introducing, the updated schedule is now available. further details are attached below. about member perks. Further information is available on request..",professional
"We are writing to share, participation is open to all registered members. about loyalty rewards. Please do not hesitate to contact us..",professional
"As part of our ongoing commitment, the updated schedule is now available. further details are attached below. about the new season menu. We look forward to your response..",professional
"We are writing to share, the initiative will begin at the start of the month. about a fresh batch of news. Further information is available on request..",professional
"We would like to inform you, the updated schedule is now available. about the new season menu. We look forward to your response..",professional
"We are writing to share, the initiative will begin at the start of the month. about a community meetup. We look forward to your response..",professional
"As part of our ongoing commitment, participation is open to all registered members. about loyalty rewards. Further information is available on request..",professional
"We are writing to share, participation is open to all registered members. about the new season menu. Further information is available on request..",professional
"As part of our ongoing commitment, further details are attached below. the updated schedule is now available. about a fresh batch of news. We look forward to your response..",professional
"Please note the following update, participation is open to all registered members. about our monthly offer. We look forward to your response..",professional
"Please note the following update, the initiative will begin at the start of the month. about the new season menu. Further information is available on request..",professional
"Please note the following update, the initiative will begin at the start of the month. about our monthly offer. We look forward to your response..",professional
"This month we are introducing, the initiative will begin at the start of the month. further details are attached below. about member perks. Further information is available on request..",professional
"Every season brings a new beginning, you are closer than you think to the change you want. start where you are, with what you have. about our monthly offer. You have got this..",inspirational
"Every season brings a new beginning, progress is built from the moments nobody sees. about a workshop this month. Begin today..",inspirational
"The best moments start quietly, start where you are, with what you have. about a workshop this month. Here is to the month ahead..",inspirational
"Small steps add up, progress is built from the moments nobody sees. about weekend openings. Here is to the month ahead..",inspirational
"Growth starts with one choice, progress is built from the moments nobody sees. about the new season menu. You have got this..",inspirational
"There is always room to begin again, start where you are, with what you have. about a fresh batch of news. You have got this..",inspirational
"There is always room to begin again, the smallest habit this week can shape the whole month. start where you are, with what you have. about weekend openings. Begin today..",inspirational
"There is always room to begin again, the smallest habit this week can shape the whole month. about a fresh batch of news. Begin today..",inspirational
"Small steps add up, progress is built from the moments nobody sees. progress is built from the moments nobody sees. about weekend openings. Here is to the month ahead..",inspirational
"Growth starts with one choice, start where you are, with what you have. about a fresh batch of news. Here is to the month ahead..",inspirational
"Growth starts with one choice, start where you are, with what you have. about our monthly offer. Begin today..",inspirational
"Growth starts with one choice, start where you are, with what you have. about a workshop this month. Begin today..",inspirational
"Every season brings a new beginning, the smallest habit this week can shape the whole month. about a fresh batch of news. You have got this..",inspirational
"Small steps add up, the smallest habit this week can shape the whole month. about a community meetup. Begin today..",inspirational
"There is always room to begin again, progress is built from the moments nobody sees. the smallest habit this week can shape the whole month. about a community meetup. Here is to the month ahead..",inspirational
"Growth starts with one choice, start where you are, with what you have. start where you are, with what you have. about our monthly offer. Begin today..",inspirational
"Growth starts with one choice, progress is built from the moments nobody sees. about member perks. Here is to the month ahead..",inspirational
"The best moments start quietly, progress is built from the moments nobody sees. about a fresh batch of news. You have got this..",inspirational
"Small steps add up, start where you are, with what you have. the smallest habit this week can shape the whole month. about our monthly offer. Begin today..",inspirational
"The best moments start quietly, the smallest habit this week can shape the whole month. about a workshop this month. You have got this..",inspirational
"Small steps add up, the smallest habit this week can shape the whole month. progress is built from the moments nobody sees. about member perks. Here is to the month ahead..",inspirational
"There is always room to begin again, you are closer than you think to the change you want. about member perks. Here is to the month ahead..",inspirational
"Growth starts with one choice, progress is built from the moments nobody sees. about the new season menu. Begin today..",inspirational
"Growth starts with one choice, you are closer than you think to the change you want. about a community meetup. You have got this..",inspirational
"Every season brings a new beginning, you are closer than you think to the change you want. about a community meetup. Here is to the month ahead..",inspirational
"Every season brings a new beginning, progress is built from the moments nobody sees. about weekend openings. You have got this..",inspirational
"The best moments start quietly, start where you are, with what you have. you are closer than you think to the change you want. about the new season menu. Here is to the month ahead..",inspirational
"The best moments start quietly, progress is built from the moments nobody sees. start where you are, with what you have. about a fresh batch of news. Begin today..",inspirational
"Every season brings a new beginning, start where you are, with what you have. about member perks. Begin today..",inspirational
"Small steps add up, you are closer than you think to the change you want. about a community meetup. You have got this..",inspirational
"Every season brings a new beginning, progress is built from the moments nobody sees. the smallest habit this week can shape the whole month. about a community meetup. You have got this..",inspirational
"Small steps add up, progress is built from the moments nobody sees. progress is built from the moments nobody sees. about a workshop this month. Here is to the month ahead..",inspirational
"Small steps add up, progress is built from the moments nobody sees. about the new season menu. Begin today..",inspirational
"The best moments start quietly, you are closer than you think to the change you want. about a community meetup. Begin today..",inspirational
"The best moments start quietly, progress is built from the moments nobody sees. progress is built from the moments nobody sees. about our monthly offer. Here is to the month ahead..",inspirational
"Small steps add up, start where you are, with what you have. about our monthly offer. You have got this..",inspirational
"The best moments start quietly, start where you are, with what you have. progress is built from the moments nobody sees. about a workshop this month. You have got this..",inspirational
"Growth starts with one choice, start where you are, with what you have. start where you are, with what you have. about the new season menu. Begin today..",inspirational
"There is always room to begin again, you are closer than you think to the change you want. start where you are, with what you have. about member perks. Here is to the month ahead..",inspirational
"Growth starts with one choice, progress is built from the moments nobody sees. progress is built from the moments nobody sees. about weekend openings. You have got this..",inspirational
"The best moments start quietly, the smallest habit this week can shape the whole month. about weekend openings. Here is to the month ahead..",inspirational
"Growth starts with one choice, progress is built from the moments nobody sees. start where you are, with what you have. about loyalty rewards. Here is to the month ahead..",inspirational
"There is always room to begin again, start where you are, with what you have. about loyalty rewards. Here is to the month ahead..",inspirational
"The best moments start quietly, progress is built from the moments nobody sees. about loyalty rewards. Here is to the month ahead..",inspirational
"The best moments start quietly, start where you are, with what you have. about member perks. You have got this..",inspirational
"Every season brings a new beginning, progress is built from the moments nobody sees. start where you are, with what you have. about member perks. Here is to the month ahead..",inspirational
"Every season brings a new beginning, the smallest habit this week can shape the whole month. about a workshop this month. You have got this..",inspirational
"There is always room to begin again, progress is built from the moments nobody sees. about our monthly offer. Here is to the month ahead..",inspirational
"Growth starts with one choice, the smallest habit this week can shape the whole month. progress is built from the moments nobody sees. about a fresh batch of news. You have got this..",inspirational
"The best moments start quietly, start where you are, with what you have. you are closer than you think to the change you want. about weekend openings. Begin today..",inspirational
"The best moments start quietly, start where you are, with what you have. about a workshop this month. Begin today..",inspirational
"Every season brings a new beginning, you are closer than you think to the change you want. about the new season menu. You have got this..",inspirational
"Growth starts with one choice, progress is built from the moments nobody sees. about a community meetup. Here is to the month ahead..",inspirational
"There is always room to begin again, progress is built from the moments nobody sees. the smallest habit this week can shape the whole month. about our monthly offer. Here is to the month ahead..",inspirational
"There is always room to begin again, start where you are, with what you have. about a community meetup. Begin today..",inspirational
"Small steps add up, progress is built from the moments nobody sees. about weekend openings. Here is to the month ahead..",inspirational
"The best moments start quietly, progress is built from the moments nobody sees. about weekend openings. Begin today..",inspirational
"The best moments start quietly, start where you are, with what you have. about a workshop this month. You have got this..",inspirational
"Growth starts with one choice, progress is built from the moments nobody sees. about the new season menu. You have got this..",inspirational
"Every season brings a new beginning, start where you are, with what you have. about a workshop this month. Begin today..",inspirational
"The best moments start quietly, you are closer than you think to the change you want. about our monthly offer. Begin today..",inspirational
"The best moments start quietly, the smallest habit this week can shape the whole month. start where you are, with what you have. about a community meetup. Begin today..",inspirational
"Small steps add up, the smallest habit this week can shape the whole month. about member perks. You have got this..",inspirational
"There is always room to begin again, you are closer than you think to the change you want. about a fresh batch of news. Begin today..",inspirational
"There is always room to begin again, progress is built from the moments nobody sees. the smallest habit this week can shape the whole month. about a community meetup. Begin today..",inspirational
"There is always room to begin again, start where you are, with what you have. about weekend openings. Here is to the month ahead..",inspirational
"The best moments start quietly, progress is built from the moments nobody sees. about weekend openings. Begin today..",inspirational
"Growth starts with one choice, progress is built from the moments nobody sees. start where you are, with what you have. about loyalty rewards. Here is to the month ahead..",inspirational
"Small steps add up, start where you are, with what you have. progress is built from the moments nobody sees. about a workshop this month. Begin today..",inspirational
"Growth starts with one choice, start where you are, with what you have. about weekend openings. Begin today..",inspirational
"Growth starts with one choice, progress is built from the moments nobody sees. about the new season menu. Begin today..",inspirational
"There is always room to begin again, progress is built from the moments nobody sees. start where you are, with what you have. about weekend openings. Here is to the month ahead..",inspirational
"Every season brings a new beginning, start where you are, with what you have. progress is built from the moments nobody sees. about member perks. Begin today..",inspirational
"Small steps add up, you are closer than you think to the change you want. about a workshop this month. Begin today..",inspirational
"Small steps add up, you are closer than you think to the change you want. the smallest habit this week can shape the whole month. about loyalty rewards. Here is to the month ahead..",inspirational
"Small steps add up, start where you are, with what you have. the smallest habit this week can shape the whole month. about the new season menu. You have got this..",inspirational
"Every season brings a new beginning, you are closer than you think to the change you want. about our monthly offer. Begin today..",inspirational
"Small steps add up, start where you are, with what you have. about member perks. You have got this..",inspirational
"Growth starts with one choice, the smallest habit this week can shape the whole month. progress is built from the moments nobody sees. about a workshop this month. Begin today..",inspirational
"The best moments start quietly, you are closer than you think to the change you want. about our monthly offer. Here is to the month ahead..",inspirational
"Small steps add up, progress is built from the moments nobody sees. the smallest habit this week can shape the whole month. about a fresh batch of news. You have got this..",inspirational
"Every season brings a new beginning, the smallest habit this week can shape the whole month. about a workshop this month. Begin today..",inspirational
"Growth starts with one choice, progress is built from the moments nobody sees. about member perks. Begin today..",inspirational
"There is always room to begin again, the smallest habit this week can shape the whole month. you are closer than you think to the change you want. about member perks. You have got this..",inspirational
"Growth starts with one choice, you are closer than you think to the change you want. you are closer than you think to the change you want. about member perks. Begin today..",inspirational
"Every season brings a new beginning, progress is built from the moments nobody sees. about a workshop this month. Begin today..",inspirational
"Small steps add up, you are closer than you think to the change you want. about a fresh batch of news. You have got this..",inspirational
"Every season brings a new beginning, start where you are, with what you have. about the new season menu. Here is to the month ahead..",inspirational
"There is always room to begin again, you are closer than you think to the change you want. progress is built from the moments nobody sees. about loyalty rewards. Here is to the month ahead..",inspirational
"There is always room to begin again, progress is built from the moments nobody sees. about weekend openings. You have got this..",inspirational
"The best moments start quietly, the smallest habit this week can shape the whole month. about a workshop this month. Begin today..",inspirational
"Small steps add up, start where you are, with what you have. the smallest habit this week can shape the whole month. about the new season menu. You have got this..",inspirational
"The best moments start quietly, progress is built from the moments nobody sees. about the new season menu. Begin today..",inspirational
"Growth starts with one choice, progress is built from the moments nobody sees. about loyalty rewards. Here is to the month ahead..",inspirational
"There is always room to begin again, you are closer than you think to the change you want. about member perks. Begin today..",inspirational
"Growth starts with one choice, start where you are, with what you have. about member perks. Begin today..",inspirational
"Small steps add up, you are closer than you think to the change you want. about the new season menu. Begin today..",inspirational
"Growth starts with one choice, the smallest habit this week can shape the whole month. about the new season menu. Here is to the month ahead..",inspirational
"The best moments start quietly, start where you are, with what you have. you are closer than you think to the change you want. about a community meetup. Here is to the month ahead..",inspirational
"Every season brings a new beginning, you are closer than you think to the change you want. about member perks. Here is to the month ahead..",inspirational
"The committee has spoken, we would explain the maths but the printer is tired. about member perks. You are welcome..",witty
"The committee has spoken, we would explain the maths but the printer is tired. about member perks. Details, allegedly, below..",witty
"We checked the calendar twice, allegedly the best decision you will make this week. about a workshop this month. You are welcome..",witty
"Breaking news nobody asked for, we would explain the maths but the printer is tired. we would explain the maths but the printer is tired. about our monthly offer. No refunds on excitement..",witty
"Breaking news nobody asked for, allegedly the best decision you will make this week. we would explain the maths but the printer is tired. about the new season menu. No refunds on excitement..",witty
"Against our better judgement, yes, another update, and yes, it is worth it. about a fresh batch of news. No refunds on excitement..",witty
"The committee has spoken, yes, another update, and yes, it is worth it. allegedly the best decision you will make this week. about a fresh batch of news. No refunds on excitement..",witty
"In a shocking turn of events, we would explain the maths but the printer is tired. about a community meetup. Details, allegedly, below..",witty
"Against our better judgement, yes, another update, and yes, it is worth it. about our monthly offer. You are welcome..",witty
"The committee has spoken, our marketing intern approved this message. allegedly the best decision you will make this week. about a fresh batch of news. You are welcome..",witty
"Against our better judgement, our marketing intern approved this message. about loyalty rewards. Details, allegedly, below..",witty
"We checked the calendar twice, we would explain the maths but the printer is tired. allegedly the best decision you will make this week. about our monthly offer. You are welcome..",witty
"Breaking news nobody asked for, we would explain the maths but the printer is tired. about member perks. Details, allegedly, below..",witty
"We checked the calendar twice, yes, another update, and yes, it is worth it. about our monthly offer. No refunds on excitement..",witty
"Breaking news nobody asked for, yes, another update, and yes, it is worth it. about our monthly offer. You are welcome..",witty
"In a shocking turn of events, yes, another update, and yes, it is worth it. about weekend openings. Details, allegedly, below..",witty
"In a shocking turn of events, yes, another update, and yes, it is worth it. about a workshop this month. You are welcome..",witty
"Breaking news nobody asked for, yes, another update, and yes, it is worth it. yes, another update, and yes, it is worth it. about a fresh batch of news. No refunds on excitement..",witty
"The committee has spoken, allegedly the best decision you will make this week. about our monthly offer. No refunds on excitement..",witty
"The committee has spoken, allegedly the best decision you will make this week. our marketing intern approved this message. about a fresh batch of news. No refunds on excitement..",witty
"Against our better judgement, yes, another update, and yes, it is worth it. allegedly the best decision you will make this week. about loyalty rewards. You are welcome..",witty
"The committee has spoken, we would explain the maths but the printer is tired. about a fresh batch of news. No refunds on excitement..",witty
"Against our better judgement, we would explain the maths but the printer is tired. allegedly the best decision you will make this week. about loyalty rewards. No refunds on excitement..",witty
"The committee has spoken, our marketing intern approved this message. about the new season menu. Details, allegedly, below..",witty
"Against our better judgement, we would explain the maths but the printer is tired. about a workshop this month. No refunds on excitement..",witty
"Breaking news nobody asked for, we would explain the maths but the printer is tired. about the new season menu. You are welcome..",witty
"Breaking news nobody asked for, yes, another update, and yes, it is worth it. about member perks. You are welcome..",witty
"In a shocking turn of events, our marketing intern approved this message. about our monthly offer. You are welcome..",witty
"We checked the calendar twice, allegedly the best decision you will make this week. about loyalty rewards. Details, allegedly, below..",witty
"Against our better judgement, our marketing intern approved this message. allegedly the best decision you will make this week. about loyalty rewards. Details, allegedly, below..",witty
"The committee has spoken, allegedly the best decision you will make this week. allegedly the best decision you will make this week. about weekend openings. No refunds on excitement..",witty
"The committee has spoken, we would explain the maths but the printer is tired. about member perks. No refunds on excitement..",witty
"In a shocking turn of events, our marketing intern approved this message. about a fresh batch of news. You are welcome..",witty
"Against our better judgement, yes, another update, and yes, it is worth it. about our monthly offer. No refunds on excitement..",witty
"Breaking news nobody asked for, yes, another update, and yes, it is worth it. allegedly the best decision you will make this week. about a workshop this month. You are welcome..",witty
"The committee has spoken, yes, another update, and yes, it is worth it. about member perks. Details, allegedly, below..",witty
"In a shocking turn of events, our marketing intern approved this message. about member perks. Details, allegedly, below..",witty
"The committee has spoken, allegedly the best decision you will make this week. about a community meetup. Details, allegedly, below..",witty
"Against our better judgement, yes, another update, and yes, it is worth it. about member perks. You are welcome..",witty
"Breaking news nobody asked for, we would explain the maths but the printer is tired. about our monthly offer. You are welcome..",witty
"We checked the calendar twice, we would explain the maths but the printer is tired. about a fresh batch of news. You are welcome..",witty
"Against our better judgement, allegedly the best decision you will make this week. we would explain the maths but the printer is tired. about a community meetup. You are welcome..",witty
"In a shocking turn of events, we would explain the maths but the printer is tired. about member perks. Details, allegedly, below..",witty
"We checked the calendar twice, allegedly the best decision you will make this week. about our monthly offer. You are welcome..",witty
"In a shocking turn of events, our marketing intern approved this message. about our monthly offer. Details, allegedly, below..",witty
"The committee has spoken, yes, another update, and yes, it is worth it. about the new season menu. You are welcome..",witty
"Against our better judgement, allegedly the best decision you will make this week. yes, another update, and yes, it is worth it. about a workshop this month. No refunds on excitement..",witty
"We checked the calendar twice, our marketing intern approved this message. about a fresh batch of news. No refunds on excitement..",witty
"Against our better judgement, our marketing intern approved this message. about the new season menu. Details, allegedly, below..",witty
"We checked the calendar twice, we would explain the maths but the printer is tired. about a fresh batch of news. No refunds on excitement..",witty
"The committee has spoken, allegedly the best decision you will make this week. we would explain the maths but the printer is tired. about our monthly offer. Details, allegedly, below..",witty
"The committee has spoken, our marketing intern approved this message. about the new season menu. Details, allegedly, below..",witty
"Against our better judgement, we would explain the maths but the printer is tired. yes, another update, and yes, it is worth it. about member perks. No refunds on excitement..",witty
"In a shocking turn of events, yes, another update, and yes, it is worth it. we would explain the maths but the printer is tired. about a community meetup. No refunds on excitement..",witty
"Breaking news nobody asked for, yes, another update, and yes, it is worth it. yes, another update, and yes, it is worth it. about a fresh batch of news. You are welcome..",witty
"Breaking news nobody asked for, allegedly the best decision you will make this week. about weekend openings. No refunds on excitement..",witty
"Against our better judgement, yes, another update, and yes, it is worth it. we would explain the maths but the printer is tired. about weekend openings. You are welcome..",witty
"We checked the calendar twice, our marketing intern approved this message. our marketing intern approved this message. about a fresh batch of news. No refunds on excitement..",witty
"The committee has spoken, allegedly the best decision you will make this week. about loyalty rewards. No refunds on excitement..",witty
"The committee has spoken, allegedly the best decision you will make this week. about a community meetup. Details, allegedly, below..",witty
"The committee has spoken, we would explain the maths but the printer is tired. about a workshop this month. You are welcome..",witty
"We checked the calendar twice, our marketing intern approved this message. about a community meetup. No refunds on excitement..",witty
"Against our better judgement, we would explain the maths but the printer is tired. allegedly the best decision you will make this week. about weekend openings. No refunds on excitement..",witty
"In a shocking turn of events, we would explain the maths but the printer is tired. allegedly the best decision you will make this week. about weekend openings. No refunds on excitement..",witty
"Against our better judgement, allegedly the best decision you will make this week. about member perks. Details, allegedly, below..",witty
"The committee has spoken, we would explain the maths but the printer is tired. about our monthly offer. You are welcome..",witty
"We checked the calendar twice, allegedly the best decision you will make this week. our marketing intern approved this message. about a fresh batch of news. You are welcome..",witty
"We checked the calendar twice, yes, another update, and yes, it is worth it. about a community meetup. Details, allegedly, below..",witty
"Against our better judgement, our marketing intern approved this message. about a workshop this month. No refunds on excitement..",witty
"We checked the calendar twice, yes, another update, and yes, it is worth it. about a fresh batch of news. No refunds on excitement..",witty
"The committee has spoken, we would explain the maths but the printer is tired. about weekend openings. No refunds on excitement..",witty
"The committee has spoken, we would explain the maths but the printer is tired. yes, another update, and yes, it is worth it. about member perks. You are welcome..",witty
"The committee has spoken, our marketing intern approved this message. about a fresh batch of news. No refunds on excitement..",witty
"The committee has spoken, yes, another update, and yes, it is worth it. about a workshop this month. No refunds on excitement..",witty
"Against our better judgement, allegedly the best decision you will make this week. about weekend openings. You are welcome..",witty
"In a shocking turn of events, our marketing intern approved this message. about member perks. Details, allegedly, below..",witty
"In a shocking turn of events, allegedly the best decision you will make this week. about a workshop this month. No refunds on excitement..",witty
"Breaking news nobody asked for, yes, another update, and yes, it is worth it. about a community meetup. Details, allegedly, below..",witty
"We checked the calendar twice, allegedly the best decision you will make this week. about loyalty rewards. No refunds on excitement..",witty
"We checked the calendar twice, allegedly the best decision you will make this week. about member perks. You are welcome..",witty
"Against our better judgement, our marketing intern approved this message. about a community meetup. Details, allegedly, below..",witty
"The committee has spoken, we would explain the maths but the printer is tired. about member perks. Details, allegedly, below..",witty
"The committee has spoken, allegedly the best decision you will make this week. about our monthly offer. No refunds on excitement..",witty
"Breaking news nobody asked for, we would explain the maths but the printer is tired. about the new season menu. You are welcome..",witty
"In a shocking turn of events, yes, another update, and yes, it is worth it. about our monthly offer. Details, allegedly, below..",witty
"The committee has spoken, our marketing intern approved this message. our marketing intern approved this message. about a fresh batch of news. You are welcome..",witty
"Against our better judgement, yes, another update, and yes, it is worth it. about member perks. No refunds on excitement..",witty
"Breaking news nobody asked for, yes, another update, and yes, it is worth it. about weekend openings. You are welcome..",witty
"In a shocking turn of events, allegedly the best decision you will make this week. about the new season menu. You are welcome..",witty
"Against our better judgement, our marketing intern approved this message. about a workshop this month. No refunds on excitement..",witty
"Against our better judgement, allegedly the best decision you will make this week. allegedly the best decision you will make this week. about weekend openings. No refunds on excitement..",witty
"In a shocking turn of events, we would explain the maths but the printer is tired. about a workshop this month. You are welcome..",witty
"We checked the calendar twice, yes, another update, and yes, it is worth it. we would explain the maths but the printer is tired. about weekend openings. Details, allegedly, below..",witty
"Against our better judgement, yes, another update, and yes, it is worth it. about a community meetup. No refunds on excitement..",witty
"The committee has spoken, allegedly the best decision you will make this week. yes, another update, and yes, it is worth it. about a fresh batch of news. Details, allegedly, below..",witty
"The committee has spoken, we would explain the maths but the printer is tired. about loyalty rewards. No refunds on excitement..",witty
"The committee has spoken, we would explain the maths but the printer is tired. we would explain the maths but the printer is tired. about loyalty rewards. You are welcome..",witty
"Breaking news nobody asked for, allegedly the best decision you will make this week. we would explain the maths but the printer is tired. about a community meetup. No refunds on excitement..",witty
"We checked the calendar twice, our marketing intern approved this message. about member perks. Details, allegedly, below..",witty
"In a shocking turn of events, our marketing intern approved this message. allegedly the best decision you will make this week. about a fresh batch of news. Details, allegedly, below..",witty
"A heartfelt thank you, every message from you makes a difference. about a workshop this month. We appreciate you..",grateful
"With genuine appreciation, every message from you makes a difference. we notice every single one of you. about the new season menu. Thank you, truly..",grateful
"We are so grateful, every message from you makes a difference. about a fresh batch of news. With thanks from all of us..",grateful
"You made our month, because of you this month actually mattered. about a fresh batch of news. Thank you, truly..",grateful
"You made our month, every message from you makes a difference. every message from you makes a difference. about a community meetup. With thanks from all of us..",grateful
"We are so grateful, because of you this month actually mattered. about our monthly offer. With thanks from all of us..",grateful
"A heartfelt thank you, every message from you makes a difference. about loyalty rewards. With thanks from all of us..",grateful
"You made our month, because of you this month actually mattered. about a fresh batch of news. We appreciate you..",grateful
"A heartfelt thank you, because of you this month actually mattered. about a community meetup. Thank you, truly..",grateful
"With genuine appreciation, we notice every single one of you. we notice every single one of you. about our monthly offer. With thanks from all of us..",grateful
"With genuine appreciation, because of you this month actually mattered. about member perks. We appreciate you..",grateful
"You made our month, your support carried us through the whole season. about a workshop this month. We appreciate you..",grateful
"We are so grateful, because of you this month actually mattered. your support carried us through the whole season. about member perks. We appreciate you..",grateful
"Thank you, every message from you makes a difference. about a workshop this month. Thank you, truly..",grateful
"We are so grateful, your support carried us through the whole season. about member perks. Thank you, truly..",grateful
"With genuine appreciation, every message from you makes a difference. about weekend openings. We appreciate you..",grateful
"A heartfelt thank you, every message from you makes a difference. about a community meetup. Thank you, truly..",grateful
"Thank you, we notice every single one of you. about a workshop this month. We appreciate you..",grateful
"We are so grateful, your support carried us through the whole season. we notice every single one of you. about a workshop this month. We appreciate you..",grateful
"With genuine appreciation, because of you this month actually mattered. about our monthly offer. With thanks from all of us..",grateful
"With genuine appreciation, every message from you makes a difference. about loyalty rewards. Thank you, truly..",grateful
"With genuine appreciation, because of you this month actually mattered. about member perks. Thank you, truly..",grateful
"We are so grateful, your support carried us through the whole season. because of you this month actually mattered. about a fresh batch of news. With thanks from all of us..",grateful
"A heartfelt thank you, we notice every single one of you. about weekend openings. With thanks from all of us..",grateful
"We are so grateful, your support carried us through the whole season. about the new season menu. We appreciate you..",grateful
"We are so grateful, your support carried us through the whole season. about a fresh batch of news. Thank you, truly..",grateful
"With genuine appreciation, because of you this month actually mattered. about a workshop this month. With thanks from all of us..",grateful
"We are so grateful, every message from you makes a difference. about member perks. With thanks from all of us..",grateful
"Thank you, your support carried us through the whole season. about the new season menu. We appreciate you..",grateful
"A heartfelt thank you, your support carried us through the whole season. about the new season menu. Thank you, truly..",grateful
"Thank you, because of you this month actually mattered. about loyalty rewards. We appreciate you..",grateful
"We are so grateful, every message from you makes a difference. about a workshop this month. Thank you, truly..",grateful
"We are so grateful, your support carried us through the whole season. about weekend openings. We appreciate you..",grateful
"With genuine appreciation, every message from you makes a difference. your support carried us through the whole season. about a fresh batch of news. We appreciate you..",grateful
"A heartfelt thank you, your support carried us through the whole season. your support carried us through the whole season. about the new season menu. Thank you, truly..",grateful
"With genuine appreciation, we notice every single one of you. every message from you makes a difference. about member perks. Thank you, truly..",grateful
"Thank you, because of you this month actually mattered. because of you this month actually mattered. about a community meetup. With thanks from all of us..",grateful
"Thank you, your support carried us through the whole season. about the new season menu. With thanks from all of us..",grateful
"We are so grateful, every message from you makes a difference. about a fresh batch of news. Thank you, truly..",grateful
"With genuine appreciation, your support carried us through the whole season. about our monthly offer. We appreciate you..",grateful
"A heartfelt thank you, we notice every single one of you. about loyalty rewards. We appreciate you..",grateful
"A heartfelt thank you, because of you this month actually mattered. about loyalty rewards. Thank you, truly..",grateful
"With genuine appreciation, your support carried us through the whole season. about a fresh batch of news. With thanks from all of us..",grateful
"We are so grateful, every message from you makes a difference. about loyalty rewards. With thanks from all of us..",grateful
"With genuine appreciation, we notice every single one of you. about our monthly offer. We appreciate you..",grateful
"With genuine appreciation, every message from you makes a difference. about a fresh batch of news. With thanks from all of us..",grateful
"With genuine appreciation, your support carried us through the whole season. because of you this month actually mattered. about a fresh batch of news. Thank you, truly..",grateful
"You made our month, because of you this month actually mattered. your support carried us through the whole season. about weekend openings. With thanks from all of us..",grateful
"We are so grateful, your support carried us through the whole season. every message from you makes a difference. about member perks. Thank you, truly..",grateful
"Thank you, we notice every single one of you. about loyalty rewards. Thank you, truly..",grateful
"A heartfelt thank you, we notice every single one of you. about a fresh batch of news. With thanks from all of us..",grateful
"Thank you, every message from you makes a difference. every message from you makes a difference. about a workshop this month. Thank you, truly..",grateful
"With genuine appreciation, we notice every single one of you. about a fresh batch of news. We appreciate you..",grateful
"Thank you, we notice every single one of you. about a fresh batch of news. We appreciate you..",grateful
"With genuine appreciation, your support carried us through the whole season. about loyalty rewards. Thank you, truly..",grateful
"Thank you, because of you this month actually mattered. about our monthly offer. With thanks from all of us..",grateful
"With genuine appreciation, your support carried us through the whole season. your support carried us through the whole season. about our monthly offer. We appreciate you..",grateful
"With genuine appreciation, because of you this month actually mattered. about weekend openings. We appreciate you..",grateful
"We are so grateful, every message from you makes a difference. about weekend openings. Thank you, truly..",grateful
"We are so grateful, your support carried us through the whole season. about our monthly offer. With thanks from all of us..",grateful
"We are so grateful, your support carried us through the whole season. about a workshop this month. We appreciate you..",grateful
"Thank you, because of you this month actually mattered. about member perks. We appreciate you..",grateful
"A heartfelt thank you, your support carried us through the whole season. every message from you makes a difference. about weekend openings. Thank you, truly..",grateful
"You made our month, your support carried us through the whole season. about loyalty rewards. We appreciate you..",grateful
"Thank you, your support carried us through the whole season. about loyalty rewards. Thank you, truly..",grateful
"A heartfelt thank you, every message from you makes a difference. about a community meetup. Thank you, truly..",grateful
"A heartfelt thank you, every message from you makes a difference. about weekend openings. Thank you, truly..",grateful
"We are so grateful, we notice every single one of you. about the new season menu. We appreciate you..",grateful
"You made our month, your support carried us through the whole season. about a community meetup. Thank you, truly..",grateful
"Thank you, because of you this month actually mattered. about the new season menu. With thanks from all of us..",grateful
"We are so grateful, we notice every single one of you. about the new season menu. We appreciate you..",grateful
"We are so grateful, every message from you makes a difference. about a workshop this month. We appreciate you..",grateful
"You made our month, every message from you makes a difference. about member perks. With thanks from all of us..",grateful
"A heartfelt thank you, because of you this month actually mattered. every message from you makes a difference. about loyalty rewards. Thank you, truly..",grateful
"Thank you, every message from you makes a difference. about weekend openings. We appreciate you..",grateful
"Thank you, we notice every single one of you. about our monthly offer. We appreciate you..",grateful
"We are so grateful, your support carried us through the whole season. about loyalty rewards. We appreciate you..",grateful
"A heartfelt thank you, because of you this month actually mattered. about our monthly offer. Thank you, truly..",grateful
"Thank you, your support carried us through the whole season. about loyalty rewards. We appreciate you..",grateful
"We are so grateful, every message from you makes a difference. because of you this month actually mattered. about the new season menu. We appreciate you..",grateful
"A heartfelt thank you, your support carried us through the whole season. about our monthly offer. With thanks from all of us..",grateful
"With genuine appreciation, every message from you makes a difference. about a workshop this month. With thanks from all of us..",grateful
"A heartfelt thank you, your support carried us through the whole season. we notice every single one of you. about weekend openings. With thanks from all of us..",grateful
"With genuine appreciation, because of you this month actually mattered. every message from you makes a difference. about the new season menu. Thank you, truly..",grateful
"A heartfelt thank you, we notice every single one of you. about a fresh batch of news. Thank you, truly..",grateful
"With genuine appreciation, your support carried us through the whole season. because of you this month actually mattered. about a workshop this month. With thanks from all of us..",grateful
"Thank you, every message from you makes a difference. about a workshop this month. We appreciate you..",grateful
"Thank you, every message from you makes a difference. every message from you makes a difference. about weekend openings. Thank you, truly..",grateful
"We are so grateful, every message from you makes a difference. because of you this month actually mattered. about our monthly offer. We appreciate you..",grateful
"Thank you, because of you this month actually mattered. about member perks. We appreciate you..",grateful
"With genuine appreciation, your support carried us through the whole season. about member perks. Thank you, truly..",grateful
"With genuine appreciation, your support carried us through the whole season. about our monthly offer. Thank you, truly..",grateful
"With genuine appreciation, every message from you makes a difference. about loyalty rewards. With thanks from all of us..",grateful
"Thank you, we notice every single one of you. about the new season menu. Thank you, truly..",grateful
"With genuine appreciation, because of you this month actually mattered. about a community meetup. Thank you, truly..",grateful
"We are so grateful, because of you this month actually mattered. your support carried us through the whole season. about our monthly offer. With thanks from all of us..",grateful
"A heartfelt thank you, because of you this month actually mattered. about our monthly offer. With thanks from all of us..",grateful
"With genuine appreciation, because of you this month actually mattered. we notice every single one of you. about loyalty rewards. Thank you, truly..",grateful
"With genuine appreciation, because of you this month actually mattered. your support carried us through the whole season. about loyalty rewards. We appreciate you..",grateful
"You made our month, every message from you makes a difference. because of you this month actually mattered. about our monthly offer. Thank you, truly..",grateful
"Act today, only a handful of places remain. about loyalty rewards. Move quickly..",urgent
"Final call, the offer closes before the month does. about a fresh batch of news. Move quickly..",urgent
"Final call, the clock is genuinely ticking. about weekend openings. Move quickly..",urgent
"Act today, only a handful of places remain. this window shuts sooner than you expect. about a community meetup. Do not miss out..",urgent
"Last chance, this window shuts sooner than you expect. about our monthly offer. Secure your place now..",urgent
"Final call, only a handful of places remain. only a handful of places remain. about a community meetup. Do not miss out..",urgent
"Time is running out, the offer closes before the month does. about loyalty rewards. Move quickly..",urgent
"Act today, this window shuts sooner than you expect. this window shuts sooner than you expect. about a community meetup. Do not miss out..",urgent
"Time is running out, the offer closes before the month does. about weekend openings. Move quickly..",urgent
"Final call, the clock is genuinely ticking. only a handful of places remain. about member perks. Move quickly..",urgent
"Last chance, the offer closes before the month does. about our monthly offer. Do not miss out..",urgent
"Last chance, the clock is genuinely ticking. about our monthly offer. Secure your place now..",urgent
"Do not wait, this window shuts sooner than you expect. only a handful of places remain. about weekend openings. Move quickly..",urgent
"Last chance, the offer closes before the month does. about a community meetup. Move quickly..",urgent
"Do not wait, the offer closes before the month does. about weekend openings. Do not miss out..",urgent
"Act today, only a handful of places remain. the offer closes before the month does. about weekend openings. Secure your place now..",urgent
"Act today, the clock is genuinely ticking. about weekend openings. Do not miss out..",urgent
"Final call, this window shuts sooner than you expect. about loyalty rewards. Move quickly..",urgent
"Do not wait, the clock is genuinely ticking. about a workshop this month. Move quickly..",urgent
"Do not wait, only a handful of places remain. about our monthly offer. Move quickly..",urgent
"Act today, only a handful of places remain. the offer closes before the month does. about a community meetup. Move quickly..",urgent
"Final call, the offer closes before the month does. the offer closes before the month does. about member perks. Do not miss out..",urgent
"Do not wait, this window shuts sooner than you expect. about weekend openings. Do not miss out..",urgent
"Last chance, only a handful of places remain. this window shuts sooner than you expect. about member perks. Do not miss out..",urgent
"Last chance, this window shuts sooner than you expect. about a workshop this month. Do not miss out..",urgent
"Last chance, the clock is genuinely ticking. about member perks. Move quickly..",urgent
"Do not wait, the clock is genuinely ticking. about member perks. Secure your place now..",urgent
"Act today, the offer closes before the month does. about member perks. Move quickly..",urgent
"Do not wait, only a handful of places remain. about member perks. Do not miss out..",urgent
"Last chance, the offer closes before the month does. this window shuts sooner than you expect. about our monthly offer. Secure your place now..",urgent
"Last chance, the offer closes before the month does. this window shuts sooner than you expect. about a community meetup. Secure your place now..",urgent
"Final call, the offer closes before the month does. about weekend openings. Move quickly..",urgent
"Act today, the clock is genuinely ticking. the offer closes before the month does. about a fresh batch of news. Move quickly..",urgent
"Do not wait, only a handful of places remain. the offer closes before the month does. about the new season menu. Secure your place now..",urgent
"Act today, the offer closes before the month does. this window shuts sooner than you expect. about a workshop this month. Secure your place now..",urgent
"Act today, the clock is genuinely ticking. about a community meetup. Do not miss out..",urgent
"Act today, the offer closes before the month does. about a workshop this month. Move quickly..",urgent
"Act today, this window shuts sooner than you expect. only a handful of places remain. about the new season menu. Do not miss out..",urgent
"Last chance, the clock is genuinely ticking. about the new season menu. Secure your place now..",urgent
"Act today, the clock is genuinely ticking. about a workshop this month. Do not miss out..",urgent
"Act today, only a handful of places remain. about weekend openings. Secure your place now..",urgent
"Act today, the offer closes before the month does. about a workshop this month. Secure your place now..",urgent
"Do not wait, this window shuts sooner than you expect. about our monthly offer. Do not miss out..",urgent
"Last chance, the offer closes before the month does. about weekend openings. Move quickly..",urgent
"Final call, only a handful of places remain. about our monthly offer. Secure your place now..",urgent
"Act today, the clock is genuinely ticking. the clock is genuinely ticking. about loyalty rewards. Secure your place now..",urgent
"Last chance, only a handful of places remain. only a handful of places remain. about the new season menu. Secure your place now..",urgent
"Do not wait, only a handful of places remain. about a community meetup. Do not miss out..",urgent
"Act today, the offer closes before the month does. only a handful of places remain. about a community meetup. Move quickly..",urgent
"Last chance, this window shuts sooner than you expect. the clock is genuinely ticking. about a fresh batch of news. Move quickly..",urgent
"Final call, the clock is genuinely ticking. about our monthly offer. Move quickly..",urgent
"Final call, the offer closes before the month does. the clock is genuinely ticking. about the new season menu. Secure your place now..",urgent
"Last chance, the offer closes before the month does. about a workshop this month. Move quickly..",urgent
"Act today, this window shuts sooner than you expect. about a fresh batch of news. Move quickly..",urgent
"Final call, only a handful of places remain. the clock is genuinely ticking. about our monthly offer. Do not miss out..",urgent
"Final call, the clock is genuinely ticking. about our monthly offer. Secure your place now..",urgent
"Time is running out, only a handful of places remain. about our monthly offer. Move quickly..",urgent
"Time is running out, this window shuts sooner than you expect. about our monthly offer. Secure your place now..",urgent
"Time is running out, this window shuts sooner than you expect. about a workshop this month. Secure your place now..",urgent
"Last chance, only a handful of places remain. about a community meetup. Secure your place now..",urgent
"Act today, this window shuts sooner than you expect. about a workshop this month. Move quickly..",urgent
"Last chance, only a handful of places remain. about member perks. Do not miss out..",urgent
"Act today, the clock is genuinely ticking. about weekend openings. Do not miss out..",urgent
"Do not wait, the offer closes before the month does. about a workshop this month. Move quickly..",urgent
"Do not wait, the offer closes before the month does. about a community meetup. Do not miss out..",urgent
"Do not wait, the offer closes before the month does. about loyalty rewards. Do not miss out..",urgent
"Time is running out, only a handful of places remain. about a workshop this month. Secure your place now..",urgent
"Final call, this window shuts sooner than you expect. the clock is genuinely ticking. about the new season menu. Move quickly..",urgent
"Act today, the clock is genuinely ticking. about a community meetup. Secure your place now..",urgent
"Time is running out, this window shuts sooner than you expect. about a community meetup. Secure your place now..",urgent
"Last chance, only a handful of places remain. this window shuts sooner than you expect. about our monthly offer. Secure your place now..",urgent
"Do not wait, only a handful of places remain. about loyalty rewards. Secure your place now..",urgent
"Final call, the offer closes before the month does. about our monthly offer. Secure your place now..",urgent
"Do not wait, the offer closes before the month does. about loyalty rewards. Secure your place now..",urgent
"Time is running out, this window shuts sooner than you expect. about a fresh batch of news. Secure your place now..",urgent
"Act today, the clock is genuinely ticking. this window shuts sooner than you expect. about loyalty rewards. Secure your place now..",urgent
"Final call, the offer closes before the month does. about our monthly offer. Move quickly..",urgent
"Time is running out, the offer closes before the month does. this window shuts sooner than you expect. about a workshop this month. Move quickly..",urgent
"Time is running out, this window shuts sooner than you expect. this window shuts sooner than you expect. about weekend openings. Secure your place now..",urgent
"Do not wait, only a handful of places remain. about loyalty rewards. Do not miss out..",urgent
"Final call, the offer closes before the month does. the clock is genuinely ticking. about weekend openings. Move quickly..",urgent
"Act today, this window shuts sooner than you expect. about a workshop this month. Secure your place now..",urgent
"Last chance, only a handful of places remain. about weekend openings. Move quickly..",urgent
"Final call, only a handful of places remain. the clock is genuinely ticking. about weekend openings. Move quickly..",urgent
"Final call, only a handful of places remain. about a workshop this month. Do not miss out..",urgent
"Time is running out, this window shuts sooner than you expect. only a handful of places remain. about weekend openings. Move quickly..",urgent
"Do not wait, this window shuts sooner than you expect. about a fresh batch of news. Secure your place now..",urgent
"Final call, this window shuts sooner than you expect. about member perks. Do not miss out..",urgent
"Final call, the offer closes before the month does. about member perks. Do not miss out..",urgent
"Act today, this window shuts sooner than you expect. about a fresh batch of news. Do not miss out..",urgent
"Do not wait, only a handful of places remain. about loyalty rewards. Secure your place now..",urgent
"Final call, the clock is genuinely ticking. about a community meetup. Secure your place now..",urgent
"Do not wait, the offer closes before the month does. about member perks. Secure your place now..",urgent
"Do not wait, this window shuts sooner than you expect. about our monthly offer. Do not miss out..",urgent
"Do not wait, only a handful of places remain. about a community meetup. Secure your place now..",urgent
"Last chance, only a handful of places remain. about a fresh batch of news. Move quickly..",urgent
"Act today, only a handful of places remain. the clock is genuinely ticking. about a fresh batch of news. Do not miss out..",urgent
"Time is running out, the offer closes before the month does. the offer closes before the month does. about weekend openings. Move quickly..",urgent
"Do not wait, the clock is genuinely ticking. only a handful of places remain. about weekend openings. Secure your place now..",urgent
"Final call, this window shuts sooner than you expect. about a community meetup. Do not miss out..",urgent
"We hereby announce, the enclosed information supersedes all previous notices. about member perks. Please acknowledge receipt..",formal
"We take this opportunity to inform you, the enclosed information supersedes all previous notices. about a fresh batch of news. Please acknowledge receipt..",formal
"We hereby announce, all relevant details are set out below. all relevant details are set out below. about weekend openings. Yours faithfully..",formal
"Dear friends and colleagues, kindly confirm your participation at your earliest convenience. about loyalty rewards. Please acknowledge receipt..",formal
"Please accept this notice, the arrangements have been made in accordance with the schedule. about a community meetup. Yours faithfully..",formal
"Dear friends and colleagues, all relevant details are set out below. about a workshop this month. Please acknowledge receipt..",formal
"We take this opportunity to inform you, the arrangements have been made in accordance with the schedule. about the new season menu. Please acknowledge receipt..",formal
"Dear friends and colleagues, the arrangements have been made in accordance with the schedule. about a fresh batch of news. We remain at your disposal..",formal
"We take this opportunity to inform you, the arrangements have been made in accordance with the schedule. the enclosed information supersedes all previous notices. about member perks. Please acknowledge receipt..",formal
"We hereby announce, all relevant details are set out below. about the new season menu. Please acknowledge receipt..",formal
"We take this opportunity to inform you, kindly confirm your participation at your earliest convenience. about a fresh batch of news. Yours faithfully..",formal
"We take this opportunity to inform you, the arrangements have been made in accordance with the schedule. about a workshop this month. Yours faithfully..",formal
"To our valued community, kindly confirm your participation at your earliest convenience. about loyalty rewards. We remain at your disposal..",formal
"Please accept this notice, all relevant details are set out below. the enclosed information supersedes all previous notices. about a fresh batch of news. We remain at your disposal..",formal
"Please accept this notice, the arrangements have been made in accordance with the schedule. all relevant details are set out below. about weekend openings. Yours faithfully..",formal
"Dear friends and colleagues, all relevant details are set out below. about a community meetup. Yours faithfully..",formal
"Dear friends and colleagues, the enclosed information supersedes all previous notices. the arrangements have been made in accordance with the schedule. about a workshop this month. Please acknowledge receipt..",formal
"We hereby announce, all relevant details are set out below. about our monthly offer. Yours faithfully..",formal
"Dear friends and colleagues, the arrangements have been made in accordance with the schedule. the enclosed information supersedes all previous notices. about weekend openings. Please acknowledge receipt..",formal
"Dear friends and colleagues, the arrangements have been made in accordance with the schedule. about our monthly offer. Yours faithfully..",formal
"Please accept this notice, the enclosed information supersedes all previous notices. about weekend openings. We remain at your disposal..",formal
"We hereby announce, all relevant details are set out below. the arrangements have been made in accordance with the schedule. about weekend openings. We remain at your disposal..",formal
"To our valued community, all relevant details are set out below. about a workshop this month. We remain at your disposal..",formal
"To our valued community, the arrangements have been made in accordance with the schedule. all relevant details are set out below. about a community meetup. Yours faithfully..",formal
"Please accept this notice, the arrangements have been made in accordance with the schedule. about a fresh batch of news. Please acknowledge receipt..",formal
"We take this opportunity to inform you, all relevant details are set out below. about a community meetup. Please acknowledge receipt..",formal
"We hereby announce, the arrangements have been made in accordance with the schedule. about a community meetup. We remain at your disposal..",formal
"Dear friends and colleagues, the enclosed information supersedes all previous notices. all relevant details are set out below. about member perks. Yours faithfully..",formal
"Dear friends and colleagues, kindly confirm your participation at your earliest convenience. about weekend openings. Please acknowledge receipt..",formal
"We take this opportunity to inform you, the arrangements have been made in accordance with the schedule. about a fresh batch of news. Please acknowledge receipt..",formal
"To our valued community, the enclosed information supersedes all previous notices. about a fresh batch of news. Yours faithfully..",formal
"We take this opportunity to inform you, the arrangements have been made in accordance with the schedule. about our monthly offer. Please acknowledge receipt..",formal
"We take this opportunity to inform you, all relevant details are set out below. all relevant details are set out below. about member perks. Yours faithfully..",formal
"We hereby announce, kindly confirm your participation at your earliest convenience. kindly confirm your participation at your earliest convenience. about weekend openings. We remain at your disposal..",formal
"We take this opportunity to inform you, all relevant details are set out below. all relevant details are set out below. about a fresh batch of news. Yours faithfully..",formal
"We take this opportunity to inform you, all relevant details are set out below. about the new season menu. We remain at your disposal..",formal
"Dear friends and colleagues, all relevant details are set out below. about our monthly offer. Yours faithfully..",formal
"Dear friends and colleagues, the arrangements have been made in accordance with the schedule. about the new season menu. Please acknowledge receipt..",formal
"We hereby announce, kindly confirm your participation at your earliest convenience. about member perks. We remain at your disposal..",formal
"Dear friends and colleagues, kindly confirm your participation at your earliest convenience. about member perks. We remain at your disposal..",formal
"We take this opportunity to inform you, all relevant details are set out below. about weekend openings. Please acknowledge receipt..",formal
"Dear friends and colleagues, kindly confirm your participation at your earliest convenience. about our monthly offer. We remain at your disposal..",formal
"We hereby announce, the enclosed information supersedes all previous notices. about the new season menu. Yours faithfully..",formal
"To our valued community, kindly confirm your participation at your earliest convenience. kindly confirm your participation at your earliest convenience. about a fresh batch of news. Yours faithfully..",formal
"Please accept this notice, the arrangements have been made in accordance with the schedule. about a fresh batch of news. Yours faithfully..",formal
"Please accept this notice, the arrangements have been made in accordance with the schedule. the enclosed information supersedes all previous notices. about the new season menu. We remain at your disposal..",formal
"To our valued community, the arrangements have been made in accordance with the schedule. all relevant details are set out below. about a community meetup. We remain at your disposal..",formal
"We take this opportunity to inform you, all relevant details are set out below. about member perks. Please acknowledge receipt..",formal
"Please accept this notice, kindly confirm your participation at your earliest convenience. about a community meetup. Yours faithfully..",formal
"We take this opportunity to inform you, the enclosed information supersedes all previous notices. about a fresh batch of news. We remain at your disposal..",formal
"Please accept this notice, the enclosed information supersedes all previous notices. about a fresh batch of news. We remain at your disposal..",formal
"To our valued community, kindly confirm your participation at your earliest convenience. about a community meetup. We remain at your disposal..",formal
"We take this opportunity to inform you, the enclosed information supersedes all previous notices. about weekend openings. Please acknowledge receipt..",formal
"We take this opportunity to inform you, kindly confirm your participation at your earliest convenience. about loyalty rewards. Yours faithfully..",formal
"We hereby announce, the enclosed information supersedes all previous notices. about a community meetup. Please acknowledge receipt..",formal
"Please accept this notice, the enclosed information supersedes all previous notices. about the new season menu. We remain at your disposal..",formal
"We take this opportunity to inform you, all relevant details are set out below. about a workshop this month. We remain at your disposal..",formal
"We take this opportunity to inform you, the arrangements have been made in accordance with the schedule. the arrangements have been made in accordance with the schedule. about our monthly offer. We remain at your disposal..",formal
"Please accept this notice, the enclosed information supersedes all previous notices. about a community meetup. We remain at your disposal..",formal
"Please accept this notice, the arrangements have been made in accordance with the schedule. about a workshop this month. Yours faithfully..",formal
"Dear friends and colleagues, the enclosed information supersedes all previous notices. about member perks. Yours faithfully..",formal
"We take this opportunity to inform you, kindly confirm your participation at your earliest convenience. about a fresh batch of news. Yours faithfully..",formal
"We hereby announce, the arrangements have been made in accordance with the schedule. about a fresh batch of news. We remain at your disposal..",formal
"We hereby announce, all relevant details are set out below. the arrangements have been made in accordance with the schedule. about our monthly offer. Please acknowledge receipt..",formal
"Please accept this notice, the enclosed information supersedes all previous notices. about loyalty rewards. Please acknowledge receipt..",formal
"We hereby announce, kindly confirm your participation at your earliest convenience. all relevant details are set out below. about a community meetup. Please acknowledge receipt..",formal
"We take this opportunity to inform you, the arrangements have been made in accordance with the schedule. about a fresh batch of news. Yours faithfully..",formal
"We take this opportunity to inform you, the enclosed information supersedes all previous notices. about a community meetup. Yours faithfully..",formal
"We hereby announce, the arrangements have been made in accordance with the schedule. about weekend openings. We remain at your disposal..",formal
"Please accept this notice, the arrangements have been made in accordance with the schedule. about a community meetup. We remain at your disposal..",formal
"We take this opportunity to inform you, the enclosed information supersedes all previous notices. about member perks. Please acknowledge receipt..",formal
"Dear friends and colleagues, the enclosed information supersedes all previous notices. about loyalty rewards. Yours faithfully..",formal
"We take this opportunity to inform you, kindly confirm your participation at your earliest convenience. about a fresh batch of news. Please acknowledge receipt..",formal
"Dear friends and colleagues, the enclosed information supersedes all previous notices. about loyalty rewards. Yours faithfully..",formal
"We hereby announce, the enclosed information supersedes all previous notices. about a workshop this month. Yours faithfully..",formal
"We take this opportunity to inform you, all relevant details are set out below. about our monthly offer. Yours faithfully..",formal
"To our valued community, kindly confirm your participation at your earliest convenience. about loyalty rewards. Yours faithfully..",formal
"We hereby announce, the enclosed information supersedes all previous notices. all relevant details are set out below. about the new season menu. We remain at your disposal..",formal
"Dear friends and colleagues, kindly confirm your participation at your earliest convenience. the enclosed information supersedes all previous notices. about member perks. We remain at your disposal..",formal
"We hereby announce, the arrangements have been made in accordance with the schedule. about the new season menu. Yours faithfully..",formal
"We take this opportunity to inform you, the arrangements have been made in accordance with the schedule. about the new season menu. Yours faithfully..",formal
"Please accept this notice, all relevant details are set out below. about the new season menu. Yours faithfully..",formal
"To our valued community, the arrangements have been made in accordance with the schedule. about a community meetup. Yours faithfully..",formal
"We hereby announce, the enclosed information supersedes all previous notices. the arrangements have been made in accordance with the schedule. about the new season menu. Yours faithfully..",formal
"We take this opportunity to inform you, the arrangements have been made in accordance with the schedule. about loyalty rewards. We remain at your disposal..",formal
"To our valued community, the arrangements have been made in accordance with the schedule. all relevant details are set out below. about a fresh batch of news. We remain at your disposal..",formal
"We take this opportunity to inform you, the arrangements have been made in accordance with the schedule. about the new season menu. Please acknowledge receipt..",formal
"Dear friends and colleagues, the enclosed information supersedes all previous notices. about the new season menu. We remain at your disposal..",formal
"We hereby announce, the arrangements have been made in accordance with the schedule. about a workshop this month. We remain at your disposal..",formal
"Dear friends and colleagues, all relevant details are set out below. all relevant details are set out below. about a community meetup. Please acknowledge receipt..",formal
"We take this opportunity to inform you, the enclosed information supersedes all previous notices. about a community meetup. We remain at your disposal..",formal
"We hereby announce, all relevant details are set out below. the arrangements have been made in accordance with the schedule. about a community meetup. Yours faithfully..",formal
"We take this opportunity to inform you, the arrangements have been made in accordance with the schedule. about a workshop this month. Yours faithfully..",formal
"We hereby announce, kindly confirm your participation at your earliest convenience. about a fresh batch of news. Please acknowledge receipt..",formal
"Please accept this notice, kindly confirm your participation at your earliest convenience. about a community meetup. Yours faithfully..",formal
"We hereby announce, kindly confirm your participation at your earliest convenience. about the new season menu. Yours faithfully..",formal
"We take this opportunity to inform you, the arrangements have been made in accordance with the schedule. about member perks. Please acknowledge receipt..",formal
"We hereby announce, all relevant details are set out below. the arrangements have been made in accordance with the schedule. about a workshop this month. Yours faithfully..",formal
"We hereby announce, the enclosed information supersedes all previous notices. about a community meetup. Please acknowledge receipt..",formal
"Dear friends and colleagues, all relevant details are set out below. the enclosed information supersedes all previous notices. about the new season menu. Yours faithfully..",formal
